disasterNumber,State,Title, FederalFunded ,ProjectAmount
1809,Missouri," SEVERE STORMS, FLOODING, AND A TORNADO"," $8,529,243.13 ",11356158.47
1756,Oklahoma," SEVERE STORMS, TORNADOES, AND FLOODING"," $2,229,174.06 ",2852298.38
3300,District of Columbia,56TH PRESIDENTIAL INAUGURATION," $9,540,583.88 ",9540583.88
4134,Colorado,BLACK FOREST WILDFIRE," $6,617,742.08 ",8818357.72
3366,West Virginia,CHEMICAL SPILL," $1,639,099.39 ",2178019.05
4042,Virginia,EARTHQUAKE," $43,550,470.92 ",57768614.68
4193,California,EARTHQUAKE," $28,887,429.23 ",38222743.75
1911,California,EARTHQUAKE," $26,927,262.68 ",35544211.78
4044,District of Columbia,EARTHQUAKE," $3,995,523.23 ",5327364.23
1859,American Samoa,"EARTHQUAKE,TSUNAMI, AND FLOODING"," $92,114,638.00 ",101732034.5
4136,Texas,EXPLOSION," $28,967,038.46 ",38343969.25
3363,Texas,EXPLOSION," $4,019,821.87 ",5917197.08
3362,Massachusetts,EXPLOSIONS," $6,195,205.80 ",8245530.47
3306,Puerto Rico,EXPLOSIONS AND FIRE ," $2,961,508.24 ",3916579.85
1981,North Dakota,FLOODING," $226,518,495.10 ",250961887.7
4013,Nebraska,FLOODING," $62,808,331.04 ",83705043.27
1984,South Dakota,FLOODING," $52,081,233.58 ",69249992
1998,Iowa,FLOODING," $46,273,268.60 ",61541064.5
3322,Louisiana,FLOODING," $28,922,892.77 ",38380440.58
4122,Alaska,FLOODING," $26,415,411.87 ",35220549.02
4079,New Mexico,FLOODING," $25,902,593.77 ",33984491.58
4012,Missouri,FLOODING," $21,739,243.52 ",28963271.41
4047,New Mexico,FLOODING," $20,335,927.94 ",26811940.14
1907,North Dakota,FLOODING," $19,679,317.40 ",25951012.91
1900,Minnesota,FLOODING," $12,721,044.70 ",16846317.16
4011,Utah,FLOODING," $7,757,048.18 ",10303263.82
1983,Mississippi,FLOODING," $7,596,367.82 ",10058544.98
3376,Louisiana,FLOODING," $7,262,388.04 ",9592930.7
4118,North Dakota,FLOODING," $7,182,175.06 ",9501642.14
4015,Louisiana,FLOODING," $6,797,638.86 ",8976816.04
4327,Wyoming,FLOODING," $5,094,601.43 ",6794977.51
4323,North Dakota,FLOODING," $4,919,609.18 ",6560794.87
3309,North Dakota,FLOODING," $4,872,449.38 ",6476932.76
1923,Wyoming,FLOODING," $3,004,023.04 ",3995482.25
1781,Idaho,FLOODING," $1,655,156.50 ",2186270.28
4342,Idaho,FLOODING," $1,225,206.07 ",1623544.07
4161,Alaska,FLOODING," $1,144,274.52 ",1526689
4312,California,FLOODING," $269,934.77 ",299927.52
4348,New York,FLOODING," $216,057.01 ",288076
3320,Mississippi,FLOODING," $16,250.69 ",21667.58
1915,South Dakota,FLOODING ," $21,498,619.82 ",28559259.83
4121,Michigan,FLOODING ," $4,840,529.02 ",6419335.98
4035,Kansas,FLOODING ," $2,900,592.12 ",3873961.87
4127,Montana,FLOODING ," $2,774,452.64 ",3692993.49
1843,Alaska,FLOODING AND ICE JAMS," $19,558,149.68 ",25955186.3
4168,Washington,FLOODING AND MUDSLIDES," $28,747,995.53 ",36363337.92
1987,Idaho,"FLOODING, LANDSLIDES, AND MUDSLIDES"," $2,926,897.38 ",3868176.27
4333,Idaho,"FLOODING, LANDSLIDES, AND MUDSLIDES"," $1,335,595.46 ",1771390.24
4067,Colorado,HIGH PARK AND WALDO CANYON WILDFIRES," $4,046,793.01 ",5388309.35
1931,Texas,HURRICANE ALEX," $19,844,963.25 ",26226156.74
1780,Texas,HURRICANE DOLLY," $68,454,771.15 ",90136058.77
1939,Virgin Islands of the U.S.,HURRICANE EARL," $2,854,973.61 ",3782533.3
3315,Massachusetts,HURRICANE EARL," $741,694.21 ",988387.45
3314,North Carolina,HURRICANE EARL," $455,369.30 ",601585
3290,Texas,HURRICANE GUSTAV," $27,385,680.76 ",36432889.89
1794,Mississippi,HURRICANE GUSTAV," $24,949,429.23 ",32728999.03
1789,Alabama,HURRICANE GUSTAV," $7,955,261.42 ",10423192.35
1806,Florida,HURRICANE GUSTAV," $1,558,746.17 ",1833112.87
3292,Alabama,HURRICANE GUSTAV," $611,711.02 ",808259.36
3291,Mississippi,HURRICANE GUSTAV," $356,530.38 ",471235.16
1786,Louisiana,HURRICANE GUSTAV ," $712,112,967.76 ",775776197.3
4332,Texas,HURRICANE HARVEY," $794,005,063.44 ",848806646.1
4280,Florida,HURRICANE HERMINE," $54,409,796.24 ",69526107.95
1791,Texas,HURRICANE IKE," $2,230,447,485.29 ",2323117262
1792,Louisiana,HURRICANE IKE," $224,768,169.10 ",235008404.6
3293,Florida,HURRICANE IKE," $957,955.64 ",1266625.61
3294,Texas,HURRICANE IKE," $562,028.74 ",709019.31
4020,New York,HURRICANE IRENE," $548,022,202.31 ",730604550.6
4021,New Jersey,HURRICANE IRENE," $118,753,153.25 ",157924857
4019,North Carolina,HURRICANE IRENE," $88,713,986.18 ",117371328.3
4024,Virginia,HURRICANE IRENE," $57,728,528.70 ",76392525.38
4017,Puerto Rico,HURRICANE IRENE," $57,090,110.00 ",75599238.59
4025,Pennsylvania,HURRICANE IRENE," $25,638,857.47 ",33944343.18
4034,Maryland,HURRICANE IRENE," $19,868,844.47 ",26556750.79
3330,Massachusetts,HURRICANE IRENE," $5,366,361.92 ",7156414.23
3335,Maryland,HURRICANE IRENE," $5,191,261.40 ",6920668.16
4036,District of Columbia,HURRICANE IRENE," $2,466,820.86 ",3289094.43
4037,Delaware,HURRICANE IRENE," $2,036,745.61 ",2724205.06
3328,New York,HURRICANE IRENE," $1,313,887.82 ",1751850.39
3336,Delaware,HURRICANE IRENE," $916,843.53 ",1239112.89
3326,Puerto Rico,HURRICANE IRENE," $781,030.88 ",1041963.45
3329,Virginia,HURRICANE IRENE," $74,241.71 ",103307.91
4337,Florida,HURRICANE IRMA," $179,516,398.48 ",194750674.2
4338,Georgia,HURRICANE IRMA," $80,192,070.00 ",103196890.2
4335,Virgin Islands of the U.S.,HURRICANE IRMA," $46,636,825.35 ",46725542.92
3384,Puerto Rico,HURRICANE IRMA," $17,913,272.06 ",22736854.32
4346,South Carolina,HURRICANE IRMA," $9,533,555.45 ",12633046.43
4336,Puerto Rico,HURRICANE IRMA," $7,649,018.50 ",9601152.61
3389,Alabama,HURRICANE IRMA," $585,571.92 ",773758.84
4341,Florida,HURRICANE IRMA - SEMINOLE TRIBE OF FLORIDA," $1,344,412.25 ",1578161.84
4080,Louisiana,HURRICANE ISAAC," $332,200,407.11 ",439601054
4081,Mississippi,HURRICANE ISAAC," $40,813,881.86 ",54328246.29
4084,Florida,HURRICANE ISAAC," $21,449,119.72 ",28396052.48
4082,Alabama,HURRICANE ISAAC," $6,678,561.12 ",8834408.89
4339,Puerto Rico,HURRICANE MARIA," $2,456,957,259.80 ",2472316498
4340,Virgin Islands of the U.S.,HURRICANE MARIA," $974,639,564.48 ",1012838819
4283,Florida,HURRICANE MATTHEW," $312,574,714.53 ",398868637.6
4285,North Carolina,HURRICANE MATTHEW," $284,837,158.01 ",373767533.5
4286,South Carolina,HURRICANE MATTHEW," $232,239,375.43 ",299399236.9
4284,Georgia,HURRICANE MATTHEW," $91,695,424.12 ",116884826.8
4291,Virginia,HURRICANE MATTHEW," $15,438,827.18 ",19721826.13
4350,Mississippi,HURRICANE NATE," $2,881,941.39 ",3842588.45
4349,Alabama,HURRICANE NATE," $430,014.52 ",536328.96
3395,Florida,HURRICANE NATE," $10,224.63 ",13632.84
1807,Virgin Islands of the U.S.,HURRICANE OMAR," $8,944,143.65 ",11465125.79
4085,New York,HURRICANE SANDY," $13,982,282,643.51 ",15525212116
4086,New Jersey,HURRICANE SANDY," $1,989,282,582.58 ",2203277843
4087,Connecticut,HURRICANE SANDY," $63,734,167.25 ",84046743.08
4091,Maryland,HURRICANE SANDY," $31,877,461.28 ",42372611.38
4093,West Virginia,HURRICANE SANDY," $14,643,875.57 ",19495344.71
4099,Pennsylvania,HURRICANE SANDY," $12,666,844.02 ",16872622.6
4092,Virginia,HURRICANE SANDY," $10,459,122.12 ",13849189.99
4097,Massachusetts,HURRICANE SANDY," $9,531,684.71 ",12553465.27
4089,Rhode Island,HURRICANE SANDY," $8,629,934.62 ",11399003.57
4090,Delaware,HURRICANE SANDY," $6,615,076.59 ",8816041.59
4096,District of Columbia,HURRICANE SANDY," $3,119,810.75 ",4159747.63
4095,New Hampshire,HURRICANE SANDY," $2,113,605.92 ",2816689.75
3360,New Hampshire,HURRICANE SANDY," $644,300.52 ",861444
3358,West Virginia,HURRICANE SANDY," $19,645.54 ",26194.06
1992,Alaska,ICE JAM AND FLOODING," $1,756,346.80 ",2320419.34
4172,Montana,ICE JAMS AND FLOODING," $1,925,935.20 ",2566280.8
4201,Hawaii,PU'U O'O VOLCANIC ERUPTION AND LAVA FLOW," $11,358,961.57 ",15030822.06
3285,Wisconsin,RECORD SNOW AND NEAR RECORD SNOW," $8,596,849.56 ",11417809.86
3286,Ohio,RECORD SNOW AND NEAR RECORD SNOW," $7,122,145.99 ",9481809.34
3283,Illinois,RECORD SNOW AND NEAR RECORD SNOW," $5,046,066.37 ",6718281.23
3305,Oklahoma,RECORD SNOW AND NEAR RECORD SNOW," $397,944.96 ",526258.39
4031,New York,REMNANTS OF TROPICAL STORM LEE," $321,927,757.18 ",429224120.1
4038,Maryland,REMNANTS OF TROPICAL STORM LEE," $11,018,960.86 ",14706234.12
4039,New Jersey,REMNANTS OF TROPICAL STORM LEE," $4,007,617.71 ",5323064.62
3340,Pennsylvania,REMNANTS OF TROPICAL STORM LEE," $495,306.49 ",660408.6
3341,New York,REMNANTS OF TROPICAL STORM LEE," $3,194.36 ",4259.15
4158,California,RIM FIRE," $22,608,079.95 ",29797749.83
4133,Colorado,ROYAL GORGE FIRE," $173,358.39 ",229634.06
4104,Arizona,SEVERE FREEZE," $1,602,599.04 ",2132018.96
4046,Connecticut,SEVERE STORM," $87,025,183.43 ",115118203.3
4048,New Jersey,SEVERE STORM," $26,548,791.05 ",35235139.5
4257,Alaska,SEVERE STORM," $12,760,808.75 ",16876933
4231,New Jersey,SEVERE STORM," $12,627,290.91 ",15475726.61
1854,Iowa,SEVERE STORM," $6,484,641.68 ",8602319.42
4244,Alaska,SEVERE STORM," $4,045,956.31 ",5351019.41
4053,Utah,SEVERE STORM," $2,564,683.72 ",4027626.48
1951,Vermont,SEVERE STORM," $1,555,019.55 ",2063957.7
4054,Alaska,SEVERE STORM," $1,340,817.62 ",1772608.1
4351,Alaska,SEVERE STORM," $165,352.50 ",220470
3342,Connecticut,SEVERE STORM," $28,257.80 ",37027.06
4279,Maryland,SEVERE STORM AND FLOODING," $6,926,773.45 ",9124946.21
4065,New Hampshire,SEVERE STORM AND FLOODING," $3,039,192.36 ",4049202.56
4088,Utah,SEVERE STORM AND FLOODING," $1,653,796.77 ",2188722.27
4232,Vermont,SEVERE STORM AND FLOODING," $1,227,207.07 ",1619435.41
4356,Vermont,SEVERE STORM AND FLOODING," $757,099.20 ",1001708.2
4354,Maine,SEVERE STORM AND FLOODING," $499,274.77 ",656130.21
4355,New Hampshire,SEVERE STORM AND FLOODING," $72,739.02 ",96985.36
4051,Massachusetts,SEVERE STORM AND SNOWSTORM," $71,284,694.56 ",94882200.71
4049,New Hampshire,SEVERE STORM AND SNOWSTORM," $3,337,545.64 ",4446841.16
4246,Idaho,SEVERE STORM AND STRAIGHT-LINE WIND," $2,592,294.32 ",3415559.27
4083,Washington,"SEVERE STORM, STRAIGHT-LINE WINDS, AND FLOODING"," $2,860,240.58 ",3792397.7
4094,Alaska,"SEVERE STORM, STRAIGHT-LINE WINDS, FLOODING, AND LANDSLIDES"," $21,120,829.64 ",28065221.46
4066,Vermont,"SEVERE STORM, TORNADO, AND FLOODING"," $1,017,761.39 ",1349637.47
4278,Kentucky,"SEVERE STORM, TORNADOES, FLOODING, LANDSLIDES, AND MUDSLIDES"," $4,667,468.23 ",6172027.4
4073,District of Columbia,SEVERE STORMS ," $2,914,288.63 ",3885718.1
1895,Massachusetts,SEVERE STORMS AND  FLOODING," $25,820,705.01 ",34124969.79
1894,Rhode Island,SEVERE STORMS AND  FLOODING," $24,529,662.01 ",27156214.11
4277,Louisiana,SEVERE STORMS AND FLOODING," $566,363,038.94 ",627636971.5
1829,North Dakota,SEVERE STORMS AND FLOODING," $114,432,778.94 ",128347524.2
4241,South Carolina,SEVERE STORMS AND FLOODING," $102,454,895.11 ",134168330
1899,New York,SEVERE STORMS AND FLOODING," $86,159,317.61 ",114879088.5
4199,New Mexico,SEVERE STORMS AND FLOODING," $84,835,484.77 ",112159955.5
1858,Georgia,SEVERE STORMS AND FLOODING," $80,806,079.40 ",106488372
4263,Louisiana,SEVERE STORMS AND FLOODING," $76,550,758.32 ",100775119.1
4272,Texas,SEVERE STORMS AND FLOODING," $62,995,276.59 ",83120262.34
4129,New York,SEVERE STORMS AND FLOODING," $57,025,857.67 ",74875860.87
1771,Illinois,SEVERE STORMS AND FLOODING," $55,104,053.35 ",68457431.81
1924,Nebraska,SEVERE STORMS AND FLOODING," $49,926,354.50 ",66539500
4069,Minnesota,SEVERE STORMS AND FLOODING," $43,464,442.03 ",57459506.06
1996,Montana,SEVERE STORMS AND FLOODING," $41,980,729.04 ",55951692.3
1857,New York,SEVERE STORMS AND FLOODING," $40,957,788.89 ",54919384.95
4138,Florida,SEVERE STORMS AND FLOODING," $38,802,254.91 ",51330576.82
1783,New Mexico,SEVERE STORMS AND FLOODING," $38,628,220.78 ",51346274.53
4002,Ohio,SEVERE STORMS AND FLOODING," $32,964,612.36 ",43743233.34
1897,New Jersey,SEVERE STORMS AND FLOODING," $31,580,849.98 ",41983423.13
1830,Minnesota,SEVERE STORMS AND FLOODING," $29,675,993.97 ",39194602.22
1773,Missouri,SEVERE STORMS AND FLOODING," $28,697,245.28 ",35755418.49
1800,Illinois,SEVERE STORMS AND FLOODING," $27,884,821.59 ",37122249.73
1798,Puerto Rico,SEVERE STORMS AND FLOODING," $27,628,716.85 ",36650635.61
4292,Pennsylvania,SEVERE STORMS AND FLOODING," $27,323,547.17 ",36024422.15
4180,New York,SEVERE STORMS AND FLOODING," $26,982,775.19 ",35864761.77
1749,Missouri,SEVERE STORMS AND FLOODING," $26,045,574.54 ",34555581.36
1941,Minnesota,SEVERE STORMS AND FLOODING," $25,610,976.28 ",33872384.36
1795,Indiana,SEVERE STORMS AND FLOODING," $25,056,463.95 ",33230087.11
1982,Minnesota,SEVERE STORMS AND FLOODING," $20,615,128.91 ",27256412.59
4259,Georgia,SEVERE STORMS AND FLOODING," $20,352,313.45 ",27081429.6
1870,Alabama,SEVERE STORMS AND FLOODING," $19,986,986.22 ",26425480.68
4195,Michigan,SEVERE STORMS AND FLOODING," $15,239,642.76 ",19156523.58
1991,Illinois,SEVERE STORMS AND FLOODING," $13,938,556.78 ",18764512.42
4289,Iowa,SEVERE STORMS AND FLOODING," $13,682,868.14 ",18098782.95
1995,Vermont,SEVERE STORMS AND FLOODING," $13,353,019.85 ",17698059.91
1922,Montana,SEVERE STORMS AND FLOODING," $12,671,577.15 ",12885066.31
4001,Vermont,SEVERE STORMS AND FLOODING," $10,666,699.48 ",14134420.89
4128,North Dakota,SEVERE STORMS AND FLOODING," $10,220,498.76 ",13554249.63
1872,Arkansas,SEVERE STORMS AND FLOODING," $9,792,672.66 ",12952058.88
1775,Oklahoma,SEVERE STORMS AND FLOODING," $9,638,507.73 ",12747698.71
1904,Connecticut,SEVERE STORMS AND FLOODING," $9,398,848.44 ",12445122.08
4003,Pennsylvania,SEVERE STORMS AND FLOODING," $9,389,606.38 ",12423502.86
4276,Wisconsin,SEVERE STORMS AND FLOODING," $9,294,202.25 ",12314558.02
1936,New Mexico,SEVERE STORMS AND FLOODING," $8,948,160.85 ",11792384.62
4151,New Mexico,SEVERE STORMS AND FLOODING," $8,937,132.02 ",9898032.01
4228,Louisiana,SEVERE STORMS AND FLOODING," $8,874,506.45 ",11770800.61
4268,Mississippi,SEVERE STORMS AND FLOODING," $8,839,144.11 ",11756756.27
4076,Wisconsin,SEVERE STORMS AND FLOODING," $8,709,024.08 ",11572281.67
4159,Texas,SEVERE STORMS AND FLOODING," $8,557,926.01 ",11134519.1
4143,Arkansas,SEVERE STORMS AND FLOODING," $8,184,156.32 ",10826266.1
4352,New Mexico,SEVERE STORMS AND FLOODING," $8,030,606.74 ",8918999.71
4033,New Jersey,SEVERE STORMS AND FLOODING," $7,037,295.10 ",9330912.89
1940,Arizona,SEVERE STORMS AND FLOODING," $6,556,225.54 ",8688654.35
1772,Minnesota,SEVERE STORMS AND FLOODING," $6,361,368.91 ",8433780.94
4140,Vermont,SEVERE STORMS AND FLOODING," $6,296,981.81 ",8335872.97
4290,Minnesota,SEVERE STORMS AND FLOODING," $6,190,615.38 ",8180294.51
4287,Kansas,SEVERE STORMS AND FLOODING," $6,088,636.41 ",8041492.26
4197,New Mexico,SEVERE STORMS AND FLOODING," $6,027,956.13 ",7940421.05
4203,Arizona,SEVERE STORMS AND FLOODING," $5,830,990.55 ",7622096.57
4102,Louisiana,SEVERE STORMS AND FLOODING," $5,662,893.43 ",7518008.6
1844,South Dakota,SEVERE STORMS AND FLOODING," $5,301,081.25 ",7044186.36
1935,Illinois,SEVERE STORMS AND FLOODING," $5,010,717.42 ",6660411.93
1740,Indiana,SEVERE STORMS AND FLOODING," $4,976,848.47 ",6579323.87
1919,Puerto Rico,SEVERE STORMS AND FLOODING," $4,867,408.93 ",6418952.24
1774,South Dakota,SEVERE STORMS AND FLOODING," $4,716,310.17 ",6268522.3
1790,Vermont,SEVERE STORMS AND FLOODING," $4,570,622.52 ",6080945.06
1938,South Dakota,SEVERE STORMS AND FLOODING," $4,426,139.20 ",5891850.86
4018,Iowa,SEVERE STORMS AND FLOODING," $4,132,709.44 ",5463291.78
1944,Wisconsin,SEVERE STORMS AND FLOODING," $4,019,463.94 ",5346632.59
1988,Oklahoma,SEVERE STORMS AND FLOODING," $3,981,421.81 ",5265645.55
1937,Tennessee,SEVERE STORMS AND FLOODING," $3,950,567.97 ",5251444.56
1787,New Hampshire,SEVERE STORMS AND FLOODING," $3,673,097.45 ",4895728.69
4132,West Virginia,SEVERE STORMS AND FLOODING," $3,283,729.69 ",4375137.16
1860,Kansas,SEVERE STORMS AND FLOODING," $3,143,581.09 ",4162559.76
1928,Iowa,SEVERE STORMS AND FLOODING," $3,008,481.95 ",3992091.69
1755,Maine,SEVERE STORMS AND FLOODING," $2,984,256.53 ",4268948.14
4202,Nevada,SEVERE STORMS AND FLOODING," $2,609,363.36 ",3432384.07
4274,Oklahoma,SEVERE STORMS AND FLOODING," $2,517,350.03 ",3338353.76
1927,Idaho,SEVERE STORMS AND FLOODING," $2,515,039.14 ",3309470.08
4227,Wyoming,SEVERE STORMS AND FLOODING," $2,505,952.16 ",3319101.63
1913,New Hampshire,SEVERE STORMS AND FLOODING," $2,489,369.98 ",3318327.27
4190,North Dakota,SEVERE STORMS AND FLOODING," $2,416,454.54 ",3196415.33
1856,Tennessee,SEVERE STORMS AND FLOODING," $2,203,358.38 ",2923462.85
4120,Vermont,SEVERE STORMS AND FLOODING," $1,914,682.79 ",2538237.5
4178,Vermont,SEVERE STORMS AND FLOODING," $1,824,522.67 ",2420189.19
1953,Maine,SEVERE STORMS AND FLOODING," $1,600,455.83 ",2132821.46
1920,Maine,SEVERE STORMS AND FLOODING," $1,258,988.51 ",1679983.72
4006,New Hampshire,SEVERE STORMS AND FLOODING," $1,218,835.96 ",1623853.02
1778,Vermont,SEVERE STORMS AND FLOODING," $1,086,864.23 ",1447177.59
1947,South Dakota,SEVERE STORMS AND FLOODING," $1,079,972.79 ",1434824.05
1814,Hawaii,SEVERE STORMS AND FLOODING," $1,022,244.18 ",1318611.87
4043,Vermont,SEVERE STORMS AND FLOODING," $946,367.37 ",1260333.88
4330,Vermont,SEVERE STORMS AND FLOODING," $899,091.31 ",1188695.71
1799,New Hampshire,SEVERE STORMS AND FLOODING," $823,848.76 ",1098410.13
4329,New Hampshire,SEVERE STORMS AND FLOODING," $576,670.54 ",755913.36
1950,Arizona,SEVERE STORMS AND FLOODING," $574,530.98 ",638367.76
3304,Minnesota,SEVERE STORMS AND FLOODING," $544,794.58 ",726392.77
4123,North Dakota,SEVERE STORMS AND FLOODING," $239,920.61 ",316435.45
4147,New Mexico,SEVERE STORMS AND FLOODING," $72,568.60 ",95990.8
4269,Texas,SEVERE STORMS AND FLOODING ," $28,964,937.41 ",37824175.08
4148,New Mexico,SEVERE STORMS AND FLOODING ," $5,933,388.77 ",7691014.02
1869,New York,SEVERE STORMS AND FLOODING ASSOC W TD IDA & NOR'EASTER," $14,742,880.72 ",19648332.64
1793,Arkansas,SEVERE STORMS AND FLOODING ASSOCIATED WITH HURRICANE GUSTAV," $3,892,240.53 ",5185200.11
1797,Alabama,SEVERE STORMS AND FLOODING ASSOCIATED WITH HURRICANE IKE," $5,940,451.74 ",7779193.98
1867,New Jersey,SEVERE STORMS AND FLOODING ASSOCIATED WITH TROPICAL DEPRESSION IDA AND A NOR'EAS," $12,726,038.83 ",16691344.26
1862,Virginia,SEVERE STORMS AND FLOODING ASSOCIATED WITH TROPICAL DEPRESSION IDA AND A NOR'EAST," $7,711,083.63 ",10177129.98
4098,Ohio,SEVERE STORMS AND FLOODING DUE TO THE REMNANTS OF HURRICANE SANDY," $19,551,083.88 ",25942753.63
4072,Virginia,SEVERE STORMS AND STRAIGHT-LINE WINDS," $21,744,813.76 ",28660257.4
4077,Ohio,SEVERE STORMS AND STRAIGHT-LINE WINDS," $16,595,662.54 ",22035744.51
4075,Maryland,SEVERE STORMS AND STRAIGHT-LINE WINDS," $12,040,508.41 ",16036675.99
4071,West Virginia,SEVERE STORMS AND STRAIGHT-LINE WINDS," $11,718,720.76 ",15611663.42
4070,New Jersey,SEVERE STORMS AND STRAIGHT-LINE WINDS," $8,961,650.25 ",11847225.98
1994,Massachusetts,SEVERE STORMS AND TORNADOES," $74,497,100.69 ",98889914.3
1761,Georgia,SEVERE STORMS AND TORNADOES," $10,732,656.80 ",14226904.88
1834,Arkansas,SEVERE STORMS AND TORNADOES," $4,867,137.46 ",6441458.07
1764,Mississippi,SEVERE STORMS AND TORNADOES," $4,330,036.43 ",5425879.32
1990,Minnesota,SEVERE STORMS AND TORNADOES," $3,548,610.44 ",4684223.92
1750,Georgia,SEVERE STORMS AND TORNADOES," $3,505,637.41 ",4688493.22
4205,Mississippi,SEVERE STORMS AND TORNADOES," $2,967,657.47 ",3817821.52
4362,Alabama,SEVERE STORMS AND TORNADOES," $755,420.82 ",1007227.76
1820,Oklahoma,SEVERE STORMS AND TORNADOES," $729,454.15 ",964746.81
1784,Vermont,"SEVERE STORMS, A TORNADO, AND FLOODING"," $449,482.54 ",597800.07
1776,Kansas,"SEVERE STORMS, FLOODING AND TORNADOES"," $55,113,413.20 ",73191585.09
4007,Wyoming,"SEVERE STORMS, FLOODING, AND LANDSLIDES"," $5,477,828.79 ",7283860.16
4062,Hawaii,"SEVERE STORMS, FLOODING, AND LANDSLIDES"," $3,179,371.91 ",4186682.85
1852,Maine,"SEVERE STORMS, FLOODING, AND LANDSLIDES"," $2,915,456.44 ",3886840.25
4192,American Samoa,"SEVERE STORMS, FLOODING, AND LANDSLIDES"," $665,370.98 ",882929.29
4152,New Mexico,"SEVERE STORMS, FLOODING, AND MUDSLIDES"," $42,094,920.67 ",55691605.44
4288,Wisconsin,"SEVERE STORMS, FLOODING, AND MUDSLIDES"," $8,709,663.76 ",11504558.84
1925,Kentucky,"SEVERE STORMS, FLOODING, AND MUDSLIDES"," $6,010,738.74 ",8014317.04
4141,Wisconsin,"SEVERE STORMS, FLOODING, AND MUDSLIDES"," $5,929,850.42 ",7778668.02
4206,California,"SEVERE STORMS, FLOODING, AND MUDSLIDES"," $1,150,252.87 ",1274597.85
1766,Indiana,"SEVERE STORMS, FLOODING, AND TORNADOES"," $101,571,388.97 ",132091108
1930,Iowa,"SEVERE STORMS, FLOODING, AND TORNADOES"," $52,178,015.97 ",69179777.15
1934,Missouri,"SEVERE STORMS, FLOODING, AND TORNADOES"," $17,450,052.93 ",23384592.3
1850,Illinois,"SEVERE STORMS, FLOODING, AND TORNADOES"," $15,612,814.36 ",20854380.54
4009,Minnesota,"SEVERE STORMS, FLOODING, AND TORNADOES"," $11,095,538.36 ",14663112.53
1932,Kansas,"SEVERE STORMS, FLOODING, AND TORNADOES"," $7,384,786.30 ",9810416.45
1853,Nebraska,"SEVERE STORMS, FLOODING, AND TORNADOES"," $4,491,366.48 ",5978147.3
1808,Kansas,"SEVERE STORMS, FLOODING, AND TORNADOES"," $3,364,325.10 ",4447932.43
1758,Arkansas,"SEVERE STORMS, FLOODING, AND TORNADOES"," $2,676,958.28 ",3564491.27
1788,Maine,"SEVERE STORMS, FLOODING, AND TORNADOES"," $2,660,766.77 ",3547342.44
1837,Mississippi,"SEVERE STORMS, FLOODING, AND TORNADOES"," $2,643,437.02 ",3517001.86
4145,Colorado,"SEVERE STORMS, FLOODING, LANDSLIDES, AND MUDSLIDES"," $344,936,069.38 ",455647697.4
4273,West Virginia,"SEVERE STORMS, FLOODING, LANDSLIDES, AND MUDSLIDES"," $120,020,758.52 ",159536061.5
1734,Washington,"SEVERE STORMS, FLOODING, LANDSLIDES, AND MUDSLIDES"," $61,387,681.08 ",81237696.8
1733,Oregon,"SEVERE STORMS, FLOODING, LANDSLIDES, AND MUDSLIDES"," $56,118,403.73 ",74230041.37
4331,West Virginia,"SEVERE STORMS, FLOODING, LANDSLIDES, AND MUDSLIDES"," $13,410,410.87 ",17859315.64
1796,Alaska,"SEVERE STORMS, FLOODING, LANDSLIDES, AND MUDSLIDES"," $12,186,818.01 ",16073750.96
4146,North Carolina,"SEVERE STORMS, FLOODING, LANDSLIDES, AND MUDSLIDES"," $10,055,751.14 ",13298663.24
4219,West Virginia,"SEVERE STORMS, FLOODING, LANDSLIDES, AND MUDSLIDES"," $9,345,621.47 ",12432387.84
4221,West Virginia,"SEVERE STORMS, FLOODING, LANDSLIDES, AND MUDSLIDES"," $7,542,561.86 ",10039649.7
4220,West Virginia,"SEVERE STORMS, FLOODING, LANDSLIDES, AND MUDSLIDES"," $7,386,429.19 ",9831768.71
4196,Kentucky,"SEVERE STORMS, FLOODING, LANDSLIDES, AND MUDSLIDES"," $5,773,235.99 ",7590480.34
4313,Idaho,"SEVERE STORMS, FLOODING, LANDSLIDES, AND MUDSLIDES"," $5,273,855.76 ",6966339.91
4103,North Carolina,"SEVERE STORMS, FLOODING, LANDSLIDES, AND MUDSLIDES"," $3,397,380.52 ",3772667.1
4282,Hawaii,"SEVERE STORMS, FLOODING, LANDSLIDES, AND MUDSLIDES"," $3,372,503.81 ",4133576.1
4153,North Carolina,"SEVERE STORMS, FLOODING, LANDSLIDES, MUDSLIDES"," $7,206,937.05 ",9534993.62
1838,West Virginia,"SEVERE STORMS, FLOODING, MUDSLIDES, AND LANDSLIDES"," $21,409,371.72 ",23080284.69
4004,Puerto Rico,"SEVERE STORMS, FLOODING, MUDSLIDES, AND LANDSLIDES"," $7,427,467.35 ",9823754.68
1893,West Virginia,"SEVERE STORMS, FLOODING, MUDSLIDES, AND LANDSLIDES"," $5,802,632.98 ",7787673.3
1918,West Virginia,"SEVERE STORMS, FLOODING, MUDSLIDES, AND LANDSLIDES"," $5,659,644.93 ",7542376.51
1948,Virgin Islands of the U.S.,"SEVERE STORMS, FLOODING, MUDSLIDES, AND LANDSLIDES"," $1,001,309.80 ",1320336.98
1946,Puerto Rico,"SEVERE STORMS, FLOODING, MUDSLIDES, AND LANDSLIDES ASSOC W TS OTTO"," $22,359,797.02 ",29618120.77
4061,West Virginia,"SEVERE STORMS, FLOODING, MUDSLIDES, AND LANSLIDES"," $4,261,453.30 ",5671342.84
1865,Alaska,"SEVERE STORMS, FLOODING, MUDSLIDES, AND ROCKSLIDES"," $3,950,737.77 ",5231604.93
1912,Kentucky,"SEVERE STORMS, FLOODING, MUDSLIDES, AND TORNADOES"," $22,592,444.08 ",25153449.32
1949,Virgin Islands of the U.S.,"SEVERE STORMS, FLOODING, ROCKSLIDES, AND MUDSLIDES ASSOC. WITH TS TOMAS"," $1,840,022.30 ",2438818.93
1849,Kansas,"SEVERE STORMS, FLOODING, STRAIGHT-LINE WINDS, AND TORNADOES"," $11,534,817.80 ",15269232.73
1909,Tennessee,"SEVERE STORMS, FLOODING, STRAIGHT-LINE WINDS, AND TORNADOES "," $218,783,026.27 ",242780497.1
1945,Nebraska,"SEVERE STORMS, FLOODING, TORNADO, AND STRAIGHT-LIN"," $2,138,551.99 ",2848751.18
1835,Alabama,"SEVERE STORMS, FLOODING, TORNADOES & STRAIGHT-LINE"," $18,067,054.08 ",23924593.54
1993,New York,"SEVERE STORMS, FLOODING, TORNADOES, AND STRAIGHT-LINE WINDS"," $34,389,479.69 ",45852636.88
1831,Florida,"SEVERE STORMS, FLOODING, TORNADOES, AND STRAIGHT-LINE WINDS"," $31,109,305.66 ",41107071.65
1833,Georgia,"SEVERE STORMS, FLOODING, TORNADOES, AND STRAIGHT-LINE WINDS"," $21,085,898.04 ",28120970.11
1978,Tennessee,"SEVERE STORMS, FLOODING, TORNADOES, AND STRAIGHT-LINE WINDS"," $7,041,838.42 ",9375389.26
1836,Alabama,"SEVERE STORMS, FLOODING, TORNADOES, AND STRAIGHT-LINE WINDS"," $6,100,444.28 ",8037959.11
1840,Florida,"SEVERE STORMS, FLOODING, TORNADOES, AND STRAIGHT-LINE WINDS"," $5,428,044.90 ",7169672.79
1743,Hawaii,"SEVERE STORMS, HIGH SURF, FLOODING, AND MUDSLIDES"," $2,629,570.00 ",3472117.28
1902,Nebraska,"SEVERE STORMS, ICE JAMS, AND FLOODING"," $3,112,391.72 ",4134085.23
4144,Missouri,"SEVERE STORMS, STRAIGHT-LINE WINDS AND FLOODING"," $17,858,421.54 ",23616765.72
1855,Kentucky,"SEVERE STORMS, STRAIGHT-LINE WINDS AND FLOODING"," $6,277,778.64 ",8141919.92
4162,Alaska,"SEVERE STORMS, STRAIGHT-LINE WINDS, AND FLOODING"," $32,950,593.68 ",43604541.51
4320,Tennessee,"SEVERE STORMS, STRAIGHT-LINE WINDS, AND FLOODING"," $31,888,675.97 ",41106267.92
4116,Illinois,"SEVERE STORMS, STRAIGHT-LINE WINDS, AND FLOODING"," $29,762,490.92 ",39820632.31
4131,Minnesota,"SEVERE STORMS, STRAIGHT-LINE WINDS, AND FLOODING"," $14,013,795.73 ",18483339.81
1779,Nebraska,"SEVERE STORMS, STRAIGHT-LINE WINDS, AND FLOODING"," $12,058,395.64 ",16067035.08
4119,Iowa,"SEVERE STORMS, STRAIGHT-LINE WINDS, AND FLOODING"," $7,594,458.33 ",10046486.14
4016,Iowa,"SEVERE STORMS, STRAIGHT-LINE WINDS, AND FLOODING"," $5,743,591.77 ",7718310.96
4281,Iowa,"SEVERE STORMS, STRAIGHT-LINE WINDS, AND FLOODING"," $5,730,801.26 ",7650547.61
4198,Montana,"SEVERE STORMS, STRAIGHT-LINE WINDS, AND FLOODING"," $1,617,821.78 ",2172534.04
4347,Kansas,"SEVERE STORMS, STRAIGHT-LINE WINDS, AND FLOODING"," $516,277.23 ",675844.96
4058,Indiana,"SEVERE STORMS, STRAIGHT-LINE WINDS, AND TORNADOES"," $4,896,874.71 ",6504167.76
4343,Wisconsin,"SEVERE STORMS, STRAIGHT-LINE WINDS, FLOODING, LANDSLIDES, AND MUD"," $4,996,016.07 ",6652021.48
4182,Minnesota,"SEVERE STORMS, STRAIGHT-LINE WINDS, FLOODING, LANDSLIDES, AND MUDSLIDES"," $41,197,508.08 ",54459727.13
4249,Washington,"SEVERE STORMS, STRAIGHT-LINE WINDS, FLOODING, LANDSLIDES, AND MUDSLIDES"," $22,492,898.52 ",29286201.7
4236,West Virginia,"SEVERE STORMS, STRAIGHT-LINE WINDS, FLOODING, LANDSLIDES, AND MUDSLIDES"," $9,037,157.59 ",12024066.48
4005,Tennessee,"SEVERE STORMS, STRAIGHT-LINE WINDS, TORNADOES, AND"," $7,132,344.90 ",9438855.2
1979,Tennessee,"SEVERE STORMS, STRAIGHT-LINE WINDS, TORNADOES, AND FLOODING"," $19,267,197.85 ",25465741.04
4150,Kansas,"SEVERE STORMS, STRAIGHT-LINE WINDS, TORNADOES, AND FLOODING"," $10,135,201.52 ",13417135.03
4130,Missouri,"SEVERE STORMS, STRAIGHT-LINE WINDS, TORNADOES, AND FLOODING"," $9,033,804.83 ",11539147.7
4010,Kansas,"SEVERE STORMS, STRAIGHT-LINE WINDS, TORNADOES, AND FLOODING"," $7,283,728.86 ",9760671.76
1782,New Hampshire,"SEVERE STORMS, TORNADO, AND FLOODING"," $1,269,313.62 ",1692123.61
4125,South Dakota,"SEVERE STORMS, TORNADO, AND FLOODING"," $1,215,685.33 ",1610053.18
1975,Arkansas,"SEVERE STORMS, TORNADOES, AND ASSOCIATED FLOODING"," $50,084,116.21 ",66866095.22
1763,Iowa,"SEVERE STORMS, TORNADOES, AND FLOODING"," $1,153,943,350.92 ",1278653437
1980,Missouri,"SEVERE STORMS, TORNADOES, AND FLOODING"," $161,381,845.41 ",231537592.9
4175,Mississippi,"SEVERE STORMS, TORNADOES, AND FLOODING"," $88,479,552.03 ",116482653.1
4117,Oklahoma,"SEVERE STORMS, TORNADOES, AND FLOODING"," $54,132,686.95 ",69260447.63
1768,Wisconsin,"SEVERE STORMS, TORNADOES, AND FLOODING"," $48,563,081.65 ",62637325.62
1751,Arkansas,"SEVERE STORMS, TORNADOES, AND FLOODING"," $41,085,016.65 ",54339230.56
1770,Nebraska,"SEVERE STORMS, TORNADOES, AND FLOODING"," $36,258,650.19 ",48290694.21
1976,Kentucky,"SEVERE STORMS, TORNADOES, AND FLOODING"," $32,295,722.74 ",42777097.49
1847,Missouri,"SEVERE STORMS, TORNADOES, AND FLOODING"," $27,072,334.75 ",35946967.93
1754,Oklahoma,"SEVERE STORMS, TORNADOES, AND FLOODING"," $21,424,128.64 ",28419445.86
4126,Iowa,"SEVERE STORMS, TORNADOES, AND FLOODING"," $20,510,097.83 ",27192809.52
4266,Texas,"SEVERE STORMS, TORNADOES, AND FLOODING"," $19,903,538.95 ",26233936.77
1969,North Carolina,"SEVERE STORMS, TORNADOES, AND FLOODING"," $19,183,383.24 ",25347831.8
1861,Arkansas,"SEVERE STORMS, TORNADOES, AND FLOODING"," $15,536,008.76 ",20550088.27
1777,Michigan,"SEVERE STORMS, TORNADOES, AND FLOODING"," $14,547,910.96 ",19359750.17
4315,Oklahoma,"SEVERE STORMS, TORNADOES, AND FLOODING"," $13,533,286.63 ",17998596.69
1921,Minnesota,"SEVERE STORMS, TORNADOES, AND FLOODING"," $13,066,488.27 ",17285168.22
4149,Pennsylvania,"SEVERE STORMS, TORNADOES, AND FLOODING"," $12,102,590.99 ",15923410.25
1933,Wisconsin,"SEVERE STORMS, TORNADOES, AND FLOODING"," $11,889,487.96 ",15746676.01
4186,South Dakota,"SEVERE STORMS, TORNADOES, AND FLOODING"," $11,120,552.06 ",14755937.54
1845,Arkansas,"SEVERE STORMS, TORNADOES, AND FLOODING"," $9,418,662.16 ",12435195.41
4124,Arkansas,"SEVERE STORMS, TORNADOES, AND FLOODING"," $8,316,941.51 ",10998898.06
1916,Mississippi,"SEVERE STORMS, TORNADOES, AND FLOODING"," $7,616,372.10 ",8460723.26
1863,Louisiana,"SEVERE STORMS, TORNADOES, AND FLOODING"," $6,310,528.42 ",8355910.66
1803,Oklahoma,"SEVERE STORMS, TORNADOES, AND FLOODING"," $6,149,283.51 ",8144464.48
4139,New Hampshire,"SEVERE STORMS, TORNADOES, AND FLOODING"," $5,903,017.87 ",7858160.18
1906,Mississippi,"SEVERE STORMS, TORNADOES, AND FLOODING"," $5,861,843.01 ",6491004.42
1965,Tennessee,"SEVERE STORMS, TORNADOES, AND FLOODING"," $5,614,462.32 ",7462703.15
1744,Arkansas,"SEVERE STORMS, TORNADOES, AND FLOODING"," $5,020,005.70 ",6634432.41
4135,Iowa,"SEVERE STORMS, TORNADOES, AND FLOODING"," $4,551,830.57 ",6037247.05
1839,Tennessee,"SEVERE STORMS, TORNADOES, AND FLOODING"," $4,546,528.04 ",6043965.7
4101,Mississippi,"SEVERE STORMS, TORNADOES, AND FLOODING"," $4,294,424.33 ",5717334.28
1752,Oklahoma,"SEVERE STORMS, TORNADOES, AND FLOODING"," $3,020,576.08 ",4010102.96
4000,Arkansas,"SEVERE STORMS, TORNADOES, AND FLOODING"," $2,663,059.78 ",3593974.7
4008,Kentucky,"SEVERE STORMS, TORNADOES, AND FLOODING"," $2,563,053.62 ",3372622.12
1742,Missouri,"SEVERE STORMS, TORNADOES, AND FLOODING"," $1,334,506.76 ",1773780.98
1929,South Dakota,"SEVERE STORMS, TORNADOES, AND FLOODING"," $666,648.61 ",886896.75
1765,Nebraska,"SEVERE STORMS, TORNADOES, AND FLOODING"," $499,319.42 ",663361.3
4137,South Dakota,"SEVERE STORMS, TORNADOES, AND FLOODING "," $1,159,221.44 ",1499223.11
1943,New York,"SEVERE STORMS, TORNADOES, AND STRAIGHT-LINE WINDS"," $22,213,776.98 ",29527634.14
4294,Georgia,"SEVERE STORMS, TORNADOES, AND STRAIGHT-LINE WINDS"," $12,693,842.10 ",16233188.41
1917,Oklahoma,"SEVERE STORMS, TORNADOES, AND STRAIGHT-LINE WINDS"," $6,414,974.86 ",8520578.07
1970,Oklahoma,"SEVERE STORMS, TORNADOES, AND STRAIGHT-LINE WINDS"," $4,871,305.30 ",6445429.73
4325,Nebraska,"SEVERE STORMS, TORNADOES, AND STRAIGHT-LINE WINDS"," $2,915,891.78 ",3747335.92
1977,Iowa,"SEVERE STORMS, TORNADOES, AND STRAIGHT-LINE WINDS"," $2,702,114.08 ",3611635.87
1841,Kentucky,"SEVERE STORMS, TORNADOES, FLOODING AND MUDSLIDES"," $32,484,723.10 ",35563041.37
1842,Alabama,"SEVERE STORMS, TORNADOES, FLOODING, AND STRAIGHT-LINE WINDS"," $3,945,262.25 ",5192469.28
4229,Colorado,"SEVERE STORMS, TORNADOES, FLOODING, LANDSLIDES, AND MUDSLIDES"," $21,643,001.99 ",28605859.02
4217,Kentucky,"SEVERE STORMS, TORNADOES, FLOODING, LANDSLIDES, AND MUDSLIDES"," $12,960,691.50 ",17040764.62
1769,West Virginia,"SEVERE STORMS, TORNADOES, FLOODING, MUDSLIDES, AND"," $3,985,862.62 ",5299728.86
4059,West Virginia,"SEVERE STORMS, TORNADOES, FLOODING, MUDSLIDES, AND LANDSLIDES"," $6,904,030.53 ",9190205.54
1757,Kentucky,"SEVERE STORMS, TORNADOES, FLOODING, MUDSLIDES, AND LANDSLIDES"," $3,499,571.24 ",4681079.25
4014,Nebraska,"SEVERE STORMS, TORNADOES, STRAIGHT LINE WINDS, AND FLOODING"," $3,362,468.45 ",4477342.64
4223,Texas,"SEVERE STORMS, TORNADOES, STRAIGHT-LINE WINDS AND FLOODING"," $155,730,624.70 ",204892354.8
4317,Missouri,"SEVERE STORMS, TORNADOES, STRAIGHT-LINE WINDS AND FLOODING"," $60,358,603.85 ",80389527.74
4057,Kentucky,"SEVERE STORMS, TORNADOES, STRAIGHT-LINE WINDS AND FLOODING"," $14,740,992.57 ",19500627.27
1997,Indiana,"SEVERE STORMS, TORNADOES, STRAIGHT-LINE WINDS, AND"," $13,658,731.09 ",18056787.78
1746,Kentucky,"SEVERE STORMS, TORNADOES, STRAIGHT-LINE WINDS, AND"," $4,765,349.85 ",6241569.28
1974,Tennessee,"SEVERE STORMS, TORNADOES, STRAIGHT-LINE WINDS, AND ASSOCIATED FLOODING"," $52,052,621.84 ",68838890.25
1972,Mississippi,"SEVERE STORMS, TORNADOES, STRAIGHT-LINE WINDS, AND ASSOCIATED FLOODING"," $23,820,766.53 ",31508616.46
1973,Georgia,"SEVERE STORMS, TORNADOES, STRAIGHT-LINE WINDS, AND ASSOCIATED FLOODING"," $20,414,118.75 ",27052353.28
1971,Alabama,"SEVERE STORMS, TORNADOES, STRAIGHT-LINE WINDS, AND FLOODING"," $201,458,462.34 ",229013593.3
4177,Florida,"SEVERE STORMS, TORNADOES, STRAIGHT-LINE WINDS, AND FLOODING"," $134,792,640.99 ",178458372.5
4222,Oklahoma,"SEVERE STORMS, TORNADOES, STRAIGHT-LINE WINDS, AND FLOODING"," $67,536,766.02 ",89246115.46
4238,Missouri,"SEVERE STORMS, TORNADOES, STRAIGHT-LINE WINDS, AND FLOODING"," $51,538,284.49 ",68121569.83
4245,Texas,"SEVERE STORMS, TORNADOES, STRAIGHT-LINE WINDS, AND FLOODING"," $42,306,942.78 ",55868367.42
4250,Missouri,"SEVERE STORMS, TORNADOES, STRAIGHT-LINE WINDS, AND FLOODING"," $37,664,340.42 ",49799713.59
4251,Alabama,"SEVERE STORMS, TORNADOES, STRAIGHT-LINE WINDS, AND FLOODING"," $35,263,146.30 ",46545273.49
4176,Alabama,"SEVERE STORMS, TORNADOES, STRAIGHT-LINE WINDS, AND FLOODING"," $34,997,365.92 ",45000191.4
4318,Arkansas,"SEVERE STORMS, TORNADOES, STRAIGHT-LINE WINDS, AND FLOODING"," $23,445,880.57 ",31137578.17
4297,Georgia,"SEVERE STORMS, TORNADOES, STRAIGHT-LINE WINDS, AND FLOODING"," $21,988,189.91 ",28931811.56
4184,Iowa,"SEVERE STORMS, TORNADOES, STRAIGHT-LINE WINDS, AND FLOODING"," $17,675,042.53 ",23293994.78
4314,Mississippi,"SEVERE STORMS, TORNADOES, STRAIGHT-LINE WINDS, AND FLOODING"," $14,861,551.92 ",18763154.38
4187,Iowa,"SEVERE STORMS, TORNADOES, STRAIGHT-LINE WINDS, AND FLOODING"," $14,443,863.93 ",18856651.33
4225,Nebraska,"SEVERE STORMS, TORNADOES, STRAIGHT-LINE WINDS, AND FLOODING"," $13,826,232.47 ",18365499.39
4183,Nebraska,"SEVERE STORMS, TORNADOES, STRAIGHT-LINE WINDS, AND FLOODING"," $12,483,579.65 ",18234383.68
4254,Arkansas,"SEVERE STORMS, TORNADOES, STRAIGHT-LINE WINDS, AND FLOODING"," $11,851,415.87 ",15650022.29
4230,Kansas,"SEVERE STORMS, TORNADOES, STRAIGHT-LINE WINDS, AND FLOODING"," $11,199,522.16 ",14796337.21
4226,Arkansas,"SEVERE STORMS, TORNADOES, STRAIGHT-LINE WINDS, AND FLOODING"," $11,060,954.03 ",14592211.03
4179,Nebraska,"SEVERE STORMS, TORNADOES, STRAIGHT-LINE WINDS, AND FLOODING"," $10,125,817.92 ",13402849.52
1851,Tennessee,"SEVERE STORMS, TORNADOES, STRAIGHT-LINE WINDS, AND FLOODING"," $8,931,032.41 ",11897379.98
4295,Mississippi,"SEVERE STORMS, TORNADOES, STRAIGHT-LINE WINDS, AND FLOODING"," $8,911,281.23 ",11099094.82
4234,Iowa,"SEVERE STORMS, TORNADOES, STRAIGHT-LINE WINDS, AND FLOODING"," $7,750,272.04 ",10203816
1908,Alabama,"SEVERE STORMS, TORNADOES, STRAIGHT-LINE WINDS, AND FLOODING"," $7,358,685.38 ",9748973.09
1989,Oklahoma,"SEVERE STORMS, TORNADOES, STRAIGHT-LINE WINDS, AND FLOODING"," $7,221,515.88 ",9613699.34
4181,Iowa,"SEVERE STORMS, TORNADOES, STRAIGHT-LINE WINDS, AND FLOODING"," $5,810,089.55 ",7631998.68
4200,Missouri,"SEVERE STORMS, TORNADOES, STRAIGHT-LINE WINDS, AND FLOODING"," $5,710,162.12 ",7532820.85
4189,Tennessee,"SEVERE STORMS, TORNADOES, STRAIGHT-LINE WINDS, AND FLOODING"," $5,586,479.78 ",7173688.4
4248,Mississippi,"SEVERE STORMS, TORNADOES, STRAIGHT-LINE WINDS, AND FLOODING"," $5,543,015.89 ",7194737.68
4063,Kansas,"SEVERE STORMS, TORNADOES, STRAIGHT-LINE WINDS, AND FLOODING"," $4,883,032.82 ",6547840.7
4185,Nebraska,"SEVERE STORMS, TORNADOES, STRAIGHT-LINE WINDS, AND FLOODING"," $4,873,269.34 ",6419050.53
4324,Oklahoma,"SEVERE STORMS, TORNADOES, STRAIGHT-LINE WINDS, AND FLOODING"," $3,892,623.84 ",5152345.37
4334,Iowa,"SEVERE STORMS, TORNADOES, STRAIGHT-LINE WINDS, AND FLOODING"," $3,738,657.31 ",4968325.54
1926,Oklahoma,"SEVERE STORMS, TORNADOES, STRAIGHT-LINE WINDS, AND FLOODING"," $3,383,812.10 ",4473785.18
4233,South Dakota,"SEVERE STORMS, TORNADOES, STRAIGHT-LINE WINDS, AND FLOODING"," $3,035,929.15 ",3952217.53
4064,Oklahoma,"SEVERE STORMS, TORNADOES, STRAIGHT-LINE WINDS, AND FLOODING"," $2,923,032.72 ",3866753.92
4270,Arkansas,"SEVERE STORMS, TORNADOES, STRAIGHT-LINE WINDS, AND FLOODING"," $2,380,047.69 ",3127335.48
1745,Tennessee,"SEVERE STORMS, TORNADOES, STRAIGHT-LINE WINDS, AND FLOODING "," $15,849,065.62 ",20984458.79
4239,Kentucky,"SEVERE STORMS, TORNADOES, STRAIGHT-LINE WINDS, FLOODING, LANDSLIDES, AND MUDSLIDE"," $10,443,806.94 ",13908945.71
4156,Nebraska,"SEVERE STORMS, WINTER STORMS, TORNADOES AND FLOODING"," $2,670,513.58 ",3587337.86
4174,Arkansas,"SEVERE STORMS,TORNADOES, AND FLOODING"," $9,530,678.74 ",13154100.04
1805,Ohio,SEVERE WIND STORM ASSOCIATED WITH TROPICAL DEPRESSION IKE," $38,841,921.56 ",51690278.62
1802,Kentucky,SEVERE WIND STORM ASSOCIATED WITH TROPICAL DEPRESSION IKE," $18,812,748.86 ",24940715.94
4242,Washington,SEVERE WINDSTORM," $6,150,221.43 ",7992232.9
1819,Arkansas,SEVERE WINTER STORM," $226,950,453.81 ",300515235.8
4166,South Carolina,SEVERE WINTER STORM," $221,473,140.75 ",269554641.1
1822,Missouri,SEVERE WINTER STORM," $135,879,596.08 ",181201322.4
1883,Oklahoma,SEVERE WINTER STORM," $119,483,237.17 ",158197692.9
1880,Iowa,SEVERE WINTER STORM," $84,281,914.59 ",112214647.9
1887,South Dakota,SEVERE WINTER STORM," $49,059,867.72 ",65237401.62
4165,Georgia,SEVERE WINTER STORM," $46,114,032.30 ",58357013.83
4167,North Carolina,SEVERE WINTER STORM," $38,781,148.93 ",48514579.89
4299,Oklahoma,SEVERE WINTER STORM," $28,924,322.29 ",38335987.59
1737,Iowa,SEVERE WINTER STORM," $28,052,065.58 ",37296982.21
1901,North Dakota,SEVERE WINTER STORM," $26,651,652.74 ",35489310.62
1868,Kansas,SEVERE WINTER STORM," $19,988,438.27 ",26621054.1
1827,New York,SEVERE WINTER STORM," $18,571,978.65 ",24643912.26
1876,Oklahoma,SEVERE WINTER STORM," $18,085,951.67 ",23993618.13
1812,New Hampshire,SEVERE WINTER STORM," $14,898,663.36 ",19862626.63
4114,Iowa,SEVERE WINTER STORM," $13,282,121.44 ",17507125.6
1879,North Dakota,SEVERE WINTER STORM," $12,773,947.54 ",16999869.04
1826,Illinois,SEVERE WINTER STORM," $11,999,525.10 ",15992056.11
3299,New York,SEVERE WINTER STORM," $11,498,194.84 ",15232303.16
1828,Indiana,SEVERE WINTER STORM," $11,300,288.42 ",14989503.24
4113,Minnesota,SEVERE WINTER STORM," $11,090,674.37 ",14697561.25
4298,South Dakota,SEVERE WINTER STORM," $9,553,842.28 ",12719128.97
1823,Oklahoma,SEVERE WINTER STORM," $9,203,600.91 ",12220935.54
4100,Arkansas,SEVERE WINTER STORM," $8,548,088.10 ",11299005.98
4304,Kansas,SEVERE WINTER STORM," $8,200,780.66 ",10481959.11
4171,Tennessee,SEVERE WINTER STORM," $7,771,590.83 ",9839365.93
1892,New Hampshire,SEVERE WINTER STORM," $6,841,093.22 ",9121385.5
4169,Oregon,SEVERE WINTER STORM," $6,438,008.89 ",8346283.98
1986,North Dakota,SEVERE WINTER STORM," $5,934,923.13 ",7905925.17
4160,Arkansas,SEVERE WINTER STORM," $5,587,008.61 ",7215493.28
1891,Maine,SEVERE WINTER STORM," $5,295,215.58 ",7059992.81
1864,Nebraska,SEVERE WINTER STORM," $5,125,804.16 ",6830735.29
4154,North Dakota,SEVERE WINTER STORM," $4,337,765.50 ",5714999.67
4164,Oklahoma,SEVERE WINTER STORM," $3,976,954.92 ",5164184.4
4207,Vermont,SEVERE WINTER STORM," $3,949,092.78 ",5158630.56
1767,Montana,SEVERE WINTER STORM," $3,346,388.88 ",4471525.67
4302,California,SEVERE WINTER STORM," $3,296,420.33 ",3658077.57
1739,Nebraska,SEVERE WINTER STORM," $2,895,288.73 ",3859012.64
1914,South Dakota,SEVERE WINTER STORM," $1,862,942.69 ",2481773.66
1816,Vermont,SEVERE WINTER STORM," $1,337,879.37 ",1781638.39
4215,Georgia,SEVERE WINTER STORM ," $11,299,141.71 ",14555071.99
4316,New Hampshire,SEVERE WINTER STORM ," $1,687,439.45 ",2195364.99
1962,New Mexico,SEVERE WINTER STORM AND EXTREME COLD TEMPERATURES," $1,801,838.12 ",2386406.61
1818,Kentucky,SEVERE WINTER STORM AND FLOODING," $245,207,244.96 ",324777222.6
1813,Massachusetts,SEVERE WINTER STORM AND FLOODING," $51,897,563.85 ",68593599.29
4211,Tennessee,SEVERE WINTER STORM AND FLOODING," $35,648,331.19 ",46341509.73
4296,Oregon,SEVERE WINTER STORM AND FLOODING," $13,395,543.46 ",17378892.12
1815,Maine,SEVERE WINTER STORM AND FLOODING," $9,781,024.74 ",13031712.97
1955,Utah,SEVERE WINTER STORM AND FLOODING," $8,701,342.50 ",11532889.98
1821,Tennessee,SEVERE WINTER STORM AND FLOODING," $6,143,015.93 ",8158253.19
1825,Washington,SEVERE WINTER STORM AND RECORD AND NEAR RECORD SNOW," $26,341,587.62 ",34812993.19
1848,Kansas,SEVERE WINTER STORM AND RECORD AND NEAR RECORD SNOW," $12,436,207.30 ",16523109.34
1759,South Dakota,SEVERE WINTER STORM AND RECORD AND NEAR RECORD SNOW," $7,826,995.83 ",10431933.72
1811,South Dakota,SEVERE WINTER STORM AND RECORD AND NEAR RECORD SNOW," $5,825,275.23 ",7760668.09
4264,New Jersey,SEVERE WINTER STORM AND SNOWSTORM," $75,444,427.72 ",99762907.91
4261,Maryland,SEVERE WINTER STORM AND SNOWSTORM," $69,605,697.91 ",92722622.31
4109,Oklahoma,SEVERE WINTER STORM AND SNOWSTORM," $58,006,060.87 ",77224277.38
1954,New Jersey,SEVERE WINTER STORM AND SNOWSTORM," $52,385,508.50 ",69282501.13
1960,Illinois,SEVERE WINTER STORM AND SNOWSTORM," $48,259,660.62 ",64176935.84
4262,Virginia,SEVERE WINTER STORM AND SNOWSTORM," $48,225,927.95 ",63966267.3
4267,Pennsylvania,SEVERE WINTER STORM AND SNOWSTORM," $45,248,466.71 ",59838434.53
1957,New York,SEVERE WINTER STORM AND SNOWSTORM," $42,725,102.27 ",56966802.06
4106,Connecticut,SEVERE WINTER STORM AND SNOWSTORM," $31,749,590.95 ",42021024.55
1959,Massachusetts,SEVERE WINTER STORM AND SNOWSTORM," $25,955,715.57 ",34565869.99
1875,Maryland,SEVERE WINTER STORM AND SNOWSTORM," $24,581,512.14 ",32760309.97
4111,New York,SEVERE WINTER STORM AND SNOWSTORM," $23,938,333.17 ",31803594.82
1874,Virginia,SEVERE WINTER STORM AND SNOWSTORM," $22,887,905.74 ",30256783.52
4322,New York,SEVERE WINTER STORM AND SNOWSTORM," $21,464,386.19 ",28618516.15
1889,New Jersey,SEVERE WINTER STORM AND SNOWSTORM," $14,488,213.64 ",19168214.34
1961,Missouri,SEVERE WINTER STORM AND SNOWSTORM," $9,807,841.20 ",13044854.81
4173,Indiana,SEVERE WINTER STORM AND SNOWSTORM," $9,618,232.15 ",12722949.93
4213,Connecticut,SEVERE WINTER STORM AND SNOWSTORM," $9,603,757.08 ",12703775.53
4212,Rhode Island,SEVERE WINTER STORM AND SNOWSTORM," $8,894,054.75 ",11760235.65
4115,South Dakota,SEVERE WINTER STORM AND SNOWSTORM," $8,231,034.73 ",10959740.2
1966,Wisconsin,SEVERE WINTER STORM AND SNOWSTORM," $8,143,719.94 ",10853913.18
4107,Rhode Island,SEVERE WINTER STORM AND SNOWSTORM," $7,929,498.13 ",10493204.48
4105,New Hampshire,SEVERE WINTER STORM AND SNOWSTORM," $6,153,471.49 ",8194417.02
4209,New Hampshire,SEVERE WINTER STORM AND SNOWSTORM," $4,939,214.76 ",6532335.47
1882,District of Columbia,SEVERE WINTER STORM AND SNOWSTORM," $3,536,705.06 ",4715606.65
1985,Oklahoma,SEVERE WINTER STORM AND SNOWSTORM," $3,490,382.10 ",4617398.62
1881,West Virginia,SEVERE WINTER STORM AND SNOWSTORM," $2,944,843.15 ",3928018.38
4265,Delaware,SEVERE WINTER STORM AND SNOWSTORM," $1,514,989.83 ",2013751.87
1886,South Dakota,SEVERE WINTER STORM AND SNOWSTORM," $874,502.99 ",1161740.73
4306,Wyoming,SEVERE WINTER STORM AND STRAIGHT-LINE WINDS," $2,453,757.83 ",3245241.42
4271,Montana,SEVERE WINTER STORM AND STRAIGHT-LINE WINDS," $1,696,751.24 ",2258061.28
4321,Nebraska,SEVERE WINTER STORM AND STRAIGHT-LINE WINDS," $1,426,153.15 ",1894113.07
4210,West Virginia,"SEVERE WINTER STORM, FLOODING, LANDSLIDES, AND MUDSLIDES"," $31,692,511.80 ",42196096.39
4056,Washington,"SEVERE WINTER STORM, FLOODING, LANDSLIDES, AND MUDSLIDES"," $30,551,050.13 ",40420912.64
4055,Oregon,"SEVERE WINTER STORM, FLOODING, LANDSLIDES, AND MUDSLIDES"," $15,279,403.94 ",20219491.31
1963,Washington,"SEVERE WINTER STORM, FLOODING, LANDSLIDES, AND MUDSLIDES"," $4,630,131.41 ",6173508.33
1956,Oregon,"SEVERE WINTER STORM, FLOODING, MUDSLIDES, LANDSLIDES, AND DEBRIS FLOWS"," $3,990,138.12 ",5272158.81
1817,Washington,"SEVERE WINTER STORM, LANDSLIDES, MUDSLIDES, AND FLOODING"," $52,045,723.18 ",68842600.21
1824,Oregon,"SEVERE WINTER STORM, RECORD AND NEAR RECORD SNOW"," $10,887,118.75 ",14428760.14
4214,Massachusetts,"SEVERE WINTER STORM, SNOWSTORM, AND FLOODING"," $84,099,538.73 ",111128413.5
4110,Massachusetts,"SEVERE WINTER STORM, SNOWSTORM, AND FLOODING"," $56,936,654.92 ",75340456.71
4155,South Dakota,"SEVERE WINTER STORM, SNOWSTORM, AND FLOODING"," $43,113,022.91 ",56550603.11
4204,New York,"SEVERE WINTER STORM, SNOWSTORM, AND FLOODING"," $30,882,036.45 ",41154080.72
4108,Maine,"SEVERE WINTER STORM, SNOWSTORM, AND FLOODING"," $3,114,956.97 ",4152643.16
4208,Maine,"SEVERE WINTER STORM, SNOWSTORM, AND FLOODING"," $2,646,632.26 ",3520215.83
4218,Kentucky,"SEVERE WINTER STORM, SNOWSTORM, FLOODING, LANDSLIDES, AND MUDSLIDES"," $20,577,260.90 ",27172850.22
4319,Kansas,"SEVERE WINTER STORM, SNOWSTORM, STRAIGHT-LINE WINDS, AND FLOODING"," $4,787,592.26 ",6136692.44
4253,Washington,"SEVERE WINTER STORM, STRAIGHT-LINE WINDS, FLOODING, LANDSLIDES, MUDSLIDES, AND A T"," $6,709,357.33 ",8768876.81
1741,Kansas,SEVERE WINTER STORMS," $224,698,428.34 ",299233633.7
1735,Oklahoma,SEVERE WINTER STORMS," $98,996,546.81 ",130449105.9
1736,Missouri,SEVERE WINTER STORMS," $24,948,123.75 ",33198119.78
4252,Idaho,SEVERE WINTER STORMS," $10,988,200.86 ",14622115.62
4163,Vermont,SEVERE WINTER STORMS," $6,342,340.95 ",8267850.25
4256,Oklahoma,SEVERE WINTER STORMS AND FLOODING," $49,464,439.45 ",65288215.03
4247,Oklahoma,SEVERE WINTER STORMS AND FLOODING," $29,857,738.46 ",37976966.25
1871,North Carolina,SEVERE WINTER STORMS AND FLOODING," $18,885,702.86 ",25048090.6
1748,Missouri,SEVERE WINTER STORMS AND FLOODING," $10,068,998.77 ",13414668.05
1888,Arizona,SEVERE WINTER STORMS AND FLOODING," $7,143,370.60 ",9461533.27
4310,Idaho,SEVERE WINTER STORMS AND FLOODING," $6,039,914.76 ",8029869.31
4050,Alaska,SEVERE WINTER STORMS AND FLOODING," $4,826,785.92 ",6423829.47
4311,Utah,SEVERE WINTER STORMS AND FLOODING," $3,311,238.16 ",4405156.51
1738,Nevada,SEVERE WINTER STORMS AND FLOODING," $1,112,379.14 ",1469661.8
1885,Kansas,SEVERE WINTER STORMS AND SNOWSTORM," $15,069,225.02 ",19963582.29
1878,Nebraska,SEVERE WINTER STORMS AND SNOWSTORM," $6,577,021.37 ",8742296.72
1877,Iowa,SEVERE WINTER STORMS AND SNOWSTORM," $5,996,437.44 ",7931032.25
1910,Maryland,SEVERE WINTER STORMS AND SNOWSTORMS," $59,386,940.85 ",79292253.52
1898,Pennsylvania,SEVERE WINTER STORMS AND SNOWSTORMS," $44,167,865.22 ",58749230.74
1905,Virginia,SEVERE WINTER STORMS AND SNOWSTORMS," $27,888,157.43 ",36957373.75
1896,Delaware,SEVERE WINTER STORMS AND SNOWSTORMS," $9,201,061.54 ",12385464.02
1890,District of Columbia,SEVERE WINTER STORMS AND SNOWSTORMS," $7,638,439.83 ",10184896.65
1903,West Virginia,SEVERE WINTER STORMS AND SNOWSTORMS," $3,302,658.43 ",4404089.02
1952,California,"SEVERE WINTER STORMS, FLOODING, AND DEBRIS AND MUD FLOWS"," $75,381,994.11 ",99901749.92
1884,California,"SEVERE WINTER STORMS, FLOODING, AND DEBRIS AND MUD FLOWS"," $28,353,445.34 ",37392187.03
4308,California,"SEVERE WINTER STORMS, FLOODING, AND MUDSLIDES"," $202,520,674.36 ",268564481.9
4301,California,"SEVERE WINTER STORMS, FLOODING, AND MUDSLIDES"," $80,749,660.15 ",106975747.3
4305,California,"SEVERE WINTER STORMS, FLOODING, AND MUDSLIDES"," $40,791,618.29 ",53028917.42
4307,Nevada,"SEVERE WINTER STORMS, FLOODING, AND MUDSLIDES"," $13,895,934.29 ",18374125.66
4303,Nevada,"SEVERE WINTER STORMS, FLOODING, AND MUDSLIDES"," $9,145,631.88 ",12023921.34
4309,Washington,"SEVERE WINTER STORMS, FLOODING, LANDSLIDES,  MUDSLIDES"," $22,901,867.01 ",30225441.03
4328,Oregon,"SEVERE WINTER STORMS, FLOODING, LANDSLIDES, AND MUDSLIDES"," $2,869,842.66 ",3806236.79
4216,Kentucky,"SEVERE WINTER STORMS, SNOWSTORMS, FLOODING, LANDSLIDES, AND MUDSLIDES "," $4,438,903.71 ",5872676.41
4258,Oregon,"SEVERE WINTER STORMS, STRAIGHT-LINE WINDS, FLOODING, LANDSLIDES, AND MUDSLIDES"," $24,766,000.62 ",32528802.85
4255,Texas,"SEVERE WINTER STORMS, TORNADOES, STRAIGHT-LINE WINDS, AND FLOODING"," $25,238,904.52 ",33240553.95
4260,District of Columbia,SNOWSTORM," $17,661,717.79 ",23522755.33
1873,New Jersey,SNOWSTORM," $14,200,921.24 ",18781789.03
1958,Connecticut,SNOWSTORM," $13,744,126.49 ",18292802.33
4170,Maryland,SNOWSTORM," $8,701,290.63 ",11582465.34
4112,Kansas,SNOWSTORM," $1,320,792.96 ",1751077.71
4045,Virginia,THE REMNANTS OF TROPICAL STORM LEE," $5,135,398.21 ",6812061.63
4275,Montana,TORNADO," $3,236,435.63 ",4350212.08
4068,Florida,TROPICAL STORM DEBBY," $51,932,652.72 ",69038946.03
1785,Florida,TROPICAL STORM FAY," $97,105,438.40 ",127623329.5
3288,Florida,TROPICAL STORM FAY," $9,439,761.29 ",12474705.26
4357,American Samoa,TROPICAL STORM GITA," $451,835.22 ",602446.95
4191,Guam,TROPICAL STORM HALONG," $600,827.06 ",794629.71
1801,North Carolina,TROPICAL STORM HANNA," $4,657,982.00 ",6160032.54
4345,Louisiana,TROPICAL STORM HARVEY," $3,283,241.42 ",4383352.25
1866,Alabama,TROPICAL STORM IDA," $4,228,940.04 ",5547017.34
1804,Arkansas,TROPICAL STORM IKE," $2,543,014.21 ",3388820.38
4022,Vermont,TROPICAL STORM IRENE," $209,280,011.64 ",231856874.5
4023,Connecticut,TROPICAL STORM IRENE," $42,846,150.16 ",56826328.33
4028,Massachusetts,TROPICAL STORM IRENE," $30,168,386.47 ",40158289.82
4026,New Hampshire,TROPICAL STORM IRENE," $18,153,771.06 ",24066168.86
4027,Rhode Island,TROPICAL STORM IRENE," $8,341,293.11 ",11113398.07
4032,Maine,TROPICAL STORM IRENE," $1,995,886.96 ",2660725.74
4194,Hawaii,TROPICAL STORM ISELLE," $4,982,684.64 ",6275065.13
4030,Pennsylvania,TROPICAL STORM LEE," $147,866,255.71 ",195670383.7
4041,Louisiana,TROPICAL STORM LEE," $5,744,356.87 ",7592490.75
3392,Louisiana,TROPICAL STORM NATE," $703,154.03 ",932663.7
1964,Oregon,TSUNAMI WAVE SURGE," $5,611,823.23 ",7420456.73
1968,California,TSUNAMI WAVES," $37,769,036.60 ",49950192.33
1967,Hawaii,TSUNAMI WAVES," $6,369,092.24 ",8433859.98
4224,Guam,TYPHOON DOLPHIN," $4,318,133.91 ",5718336.47
4235,Northern Mariana Islands,TYPHOON SOUDELOR," $39,318,029.85 ",43772038.91
4240,California,VALLEY FIRE AND BUTTE FIRE," $235,436,113.49 ",313439454.3
4074,Montana,WILDFIRE," $1,297,026.84 ",1729143.74
4142,California,WILDFIRE," $444,517.27 ",592689.69
4344,California,WILDFIRES," $275,617,647.53 ",293658135.9
3287,California,WILDFIRES," $246,230,084.15 ",327995384.8
1810,California,WILDFIRES," $56,548,214.09 ",74919272
1999,Texas,WILDFIRES," $52,813,413.07 ",70230700.79
4029,Texas,WILDFIRES," $50,313,452.53 ",66303690.49
4188,Washington,WILDFIRES," $24,159,807.89 ",32252031.61
4293,Tennessee,WILDFIRES," $3,831,876.26 ",5105284.59
4243,Washington,WILDFIRES AND MUDSLIDES," $20,597,805.51 ",27466073.64
4353,California,"WILDFIRES, FLOODING, MUDFLOWS, AND DEBRIS FLOWS"," $83,498,926.89 ",110707496.8
3216,Texas,#N/A," $512,845,214.12 ",512845214.1
3169,New Jersey,#N/A," $86,935,332.55 ",87045908.3
3140,California,#N/A," $50,508,112.00 ",67344149.27
3201,Massachusetts,#N/A," $48,298,360.54 ",64397812.72
3215,Arkansas,#N/A," $44,511,214.63 ",44511214.63
3181,New Jersey,#N/A," $35,239,543.04 ",47041870.53
3191,Massachusetts,#N/A," $34,491,571.61 ",45988761.03
3217,Tennessee,#N/A," $34,396,972.56 ",34396972.56
3127,Texas,#N/A," $33,242,785.50 ",44323714
3184,New York,#N/A," $32,646,623.55 ",43583922.22
3131,Florida,#N/A," $30,791,421.08 ",41055227.09
3175,Massachusetts,#N/A," $27,849,920.28 ",37141185.55
3134,Illinois,#N/A," $24,508,391.71 ",34330429.17
3105,Pennsylvania,#N/A," $23,082,023.19 ",30774193.36
3165,Massachusetts,#N/A," $20,369,039.09 ",27158718.26
3180,Pennsylvania,#N/A," $20,251,032.21 ",27001374.11
3179,Maryland,#N/A," $18,512,249.27 ",24682795.37
3097,Georgia,#N/A," $18,160,382.80 ",24213842.67
3170,New York,#N/A," $16,104,410.42 ",21472546.55
3161,Illinois,#N/A," $15,864,191.99 ",21550725.49
3173,New York,#N/A," $15,371,971.84 ",20523516.7
3277,Texas,#N/A," $15,025,862.30 ",20070128.31
3095,Tennessee,#N/A," $13,387,488.92 ",17849984.91
3096,Alabama,#N/A," $13,351,171.57 ",17801561.8
3224,Colorado,#N/A," $12,996,268.84 ",12996268.84
3219,Oklahoma,#N/A," $12,463,123.57 ",12463123.57
3200,Connecticut,#N/A," $11,971,323.67 ",15994282.53
3110,North Carolina,#N/A," $11,416,835.76 ",15222446.88
3267,Missouri,#N/A," $10,714,436.88 ",14285093.43
3266,Connecticut,#N/A," $9,519,165.63 ",12720000.59
3135,Indiana,#N/A," $9,434,506.96 ",12579342.15
3120,California,#N/A," $9,380,310.12 ",12589807.15
3218,Georgia,#N/A," $9,199,292.00 ",9199292
3192,Connecticut,#N/A," $9,134,475.50 ",12191700.24
3160,Michigan,#N/A," $8,809,499.06 ",11746111.34
3274,Indiana,#N/A," $8,745,537.23 ",11686423.11
3137,Michigan,#N/A," $8,645,443.19 ",11527256.91
3176,Connecticut,#N/A," $8,570,397.40 ",11427196.11
3107,New York,#N/A," $8,473,682.70 ",11298243.59
3270,Colorado,#N/A," $8,263,015.49 ",11017353.59
3198,Ohio,#N/A," $8,261,610.10 ",11040693.18
3100,Maryland,#N/A," $8,167,866.69 ",10890488.81
3259,Florida,#N/A," $7,133,650.10 ",8202734.1
3142,Texas,#N/A," $6,074,829.75 ",8099773
3261,Texas,#N/A," $6,039,850.49 ",6038369.51
3203,Rhode Island,#N/A," $6,023,319.52 ",8052178.93
3269,Illinois,#N/A," $5,964,486.44 ",7977151.76
3171,Texas,#N/A," $5,951,301.10 ",5951301.1
3185,Colorado,#N/A," $5,873,368.71 ",7829976.61
3252,Massachusetts,#N/A," $5,722,098.57 ",5722098.57
3197,Indiana,#N/A," $5,569,739.00 ",7446449.25
3241,Arizona,#N/A," $5,542,196.27 ",5542196.27
3112,Virginia,#N/A," $5,497,901.19 ",7330534.79
3186,New York,#N/A," $5,223,220.57 ",6966522.14
3233,South Carolina,#N/A," $5,141,771.19 ",5141771.19
3132,Mississippi,#N/A," $5,138,898.87 ",6851865.04
3163,Wisconsin,#N/A," $5,138,626.73 ",6852025.74
3254,North Carolina,#N/A," $4,996,203.01 ",6677075.61
3157,New York,#N/A," $4,780,999.12 ",6374665.05
3189,Michigan,#N/A," $4,726,060.56 ",6304257.17
3155,New York,#N/A," $4,549,306.37 ",6065741.82
3136,New York,#N/A," $4,453,679.06 ",5938238.05
3117,Texas,#N/A," $4,357,979.25 ",5810639
3230,Illinois,#N/A," $4,294,561.82 ",4294561.82
3154,New Mexico,#N/A," $4,231,537.88 ",4810629.25
3116,Florida,#N/A," $4,030,768.05 ",5374357.15
3115,Oklahoma,#N/A," $3,907,406.63 ",3907406.63
3235,Pennsylvania,#N/A," $3,886,088.88 ",3886088.88
3206,Maine,#N/A," $3,805,768.99 ",5074358.16
3220,Florida,#N/A," $3,694,456.29 ",3694456.29
3162,Indiana,#N/A," $3,488,222.44 ",4650962.97
3144,Georgia,#N/A," $3,480,450.87 ",4678456.95
3143,Florida,#N/A," $3,471,086.79 ",4645660
3207,New Hampshire,#N/A," $3,444,430.41 ",4608114.62
3278,Minnesota,#N/A," $3,436,567.96 ",4594090.73
3183,Delaware,#N/A," $3,421,041.46 ",4568280.09
3141,North Carolina,#N/A," $3,322,083.95 ",4429445.2
3166,New Hampshire,#N/A," $3,268,895.56 ",4358527.2
3164,Maine,#N/A," $3,239,432.02 ",4319242.26
3209,Maine,#N/A," $3,101,870.31 ",4135826.7
3153,Massachusetts,#N/A," $2,989,368.24 ",3985824.02
3138,New York,#N/A," $2,983,356.46 ",3977808.21
3237,Alabama,#N/A," $2,942,630.82 ",2942630.82
3275,Iowa,#N/A," $2,726,554.09 ",3634254.39
3262,New York,#N/A," $2,678,826.75 ",2678826.75
3114,Florida,#N/A," $2,593,376.70 ",3457835.59
3195,New York,#N/A," $2,582,255.18 ",3453359.47
3273,New York,#N/A," $2,508,302.11 ",3355948.1
3193,New Hampshire,#N/A," $2,506,839.37 ",3352555.84
3250,Ohio,#N/A," $2,455,669.23 ",2455669.23
3242,Minnesota,#N/A," $2,391,612.96 ",2391612.96
3156,New Jersey,#N/A," $2,362,985.16 ",3150646.85
3204,Nevada,#N/A," $2,336,426.86 ",3131412.37
3109,West Virginia,#N/A," $2,335,368.38 ",3111990.84
3222,North Carolina,#N/A," $2,309,589.51 ",2309589.51
3190,Maine,#N/A," $2,193,062.41 ",2924082.92
3177,New Hampshire,#N/A," $2,174,685.13 ",2899579.96
3223,Utah,#N/A," $2,130,453.48 ",2130453.48
3238,Indiana,#N/A," $2,064,487.65 ",2064487.65
3272,Oklahoma,#N/A," $2,046,135.73 ",2727771.32
3225,Michigan,#N/A," $1,997,714.13 ",1997714.13
3211,New Hampshire,#N/A," $1,976,348.23 ",2645732.06
3231,Kentucky,#N/A," $1,943,004.84 ",1943004.84
3148,New Jersey,#N/A," $1,936,383.16 ",2581844.18
3182,Rhode Island,#N/A," $1,904,429.78 ",2546416.25
3226,District of Columbia,#N/A," $1,856,421.47 ",1856421.47
3133,Alabama,#N/A," $1,808,220.57 ",1808220.57
3094,Rhode Island,#N/A," $1,804,216.81 ",2405622.4
3106,New Jersey,#N/A," $1,769,069.36 ",2358759.11
3232,Missouri,#N/A," $1,751,641.33 ",1751641.33
3104,Kentucky,#N/A," $1,721,295.18 ",2295060
3178,District of Columbia,#N/A," $1,689,558.96 ",2252745.28
3227,Washington,#N/A," $1,674,681.06 ",1674681.06
3202,Nevada,#N/A," $1,609,654.81 ",2151346.81
3187,Ohio,#N/A," $1,515,831.84 ",2029514.24
3251,Maryland,#N/A," $1,502,419.68 ",1502419.68
3123,Rhode Island,#N/A," $1,423,529.85 ",1898039.81
3205,Maine,#N/A," $1,418,363.94 ",1891151.8
3188,New Jersey,#N/A," $1,405,110.62 ",1874864.12
3271,Colorado,#N/A," $1,251,920.82 ",1669227.65
3103,Massachusetts,#N/A," $1,241,890.71 ",1655854.14
3167,Vermont,#N/A," $1,232,341.68 ",1643122
3210,Maine,#N/A," $1,225,558.57 ",1634077.89
3243,Nevada,#N/A," $1,195,964.49 ",1195964.49
3249,Wisconsin,#N/A," $1,188,027.32 ",1188027.32
3194,Maine,#N/A," $1,144,936.63 ",1526582.01
3255,Rhode Island,#N/A," $1,062,451.26 ",1062451.26
3208,New Hampshire,#N/A," $1,040,849.58 ",1395131.77
3139,Florida,#N/A," $1,012,733.25 ",1350311
3229,New Mexico,#N/A," $992,891.56 ",992891.56
3248,California,#N/A," $947,486.85 ",947486.85
3228,Oregon,#N/A," $901,337.36 ",901337.36
3199,Illinois,#N/A," $829,604.88 ",1109181.73
3221,West Virginia,#N/A," $732,192.47 ",732192.47
3118,Oklahoma,#N/A," $693,655.50 ",924874
3246,Connecticut,#N/A," $639,498.33 ",639498.33
3101,New Hampshire,#N/A," $606,928.12 ",809237.21
3111,Delaware,#N/A," $589,383.07 ",785844.03
3264,Massachusetts,#N/A," $562,330.97 ",749832.05
3333,New Hampshire,#N/A," $550,618.32 ",733974.33
3265,Maine,#N/A," $533,910.78 ",711880.98
3099,Maine,#N/A," $517,125.42 ",689500.42
3150,Florida,#N/A," $515,513.70 ",687351.56
3108,District of Columbia,#N/A," $473,556.80 ",631409.05
3174,Maine,#N/A," $392,704.87 ",523606.43
3172,Louisiana,#N/A," $392,251.76 ",392251.76
3245,Nebraska,#N/A," $376,579.46 ",376579.46
3257,New Jersey,#N/A," $344,943.26 ",344943.26
3196,North Dakota,#N/A," $300,499.86 ",402674.92
3126,Kansas,#N/A," $282,868.95 ",377158.6
3240,Virginia,#N/A," $264,113.42 ",264113.42
3239,Iowa,#N/A," $232,383.23 ",232383.23
3234,South Dakota,#N/A," $208,997.24 ",208997.24
3244,Idaho,#N/A," $204,799.08 ",204799.08
3102,Rhode Island,#N/A," $157,290.74 ",209720.95
3236,Kansas,#N/A," $154,988.79 ",154988.79
3253,Montana,#N/A," $114,693.39 ",114693.39
3263,Delaware,#N/A," $89,661.81 ",89661.81
3080,New York,#N/A," $83,000.00 ",83000
3276,Federated States of Micronesia,#N/A," $73,991.65 ",98655.53
3256,Maine,#N/A," $48,332.97 ",48332.97
3247,North Dakota,#N/A," $22,842.18 ",22842.18
3258,New Hampshire,#N/A," $9,319.83 ",9319.83
